{
    "1-64-8-3584-1280": 0.356382,
    "1-64-8-3584-640": 0.235248,
    "1-8-2-4096-7168": 0.483756,
    "1-8-2-4096-3584": 0.287144,
    "128-64-8-3584-1280": 2.32859,
    "128-64-8-3584-640": 1.25122,
    "128-8-2-4096-7168": 2.0669,
    "128-8-2-4096-3584": 1.11192,
    "512-64-8-3584-1280": 2.63544,
    "512-64-8-3584-640": 1.60436,
    "512-8-2-4096-7168": 2.0853,
    "512-8-2-4096-3584": 1.224,
    "1024-64-8-3584-1280": 3.24054,
    "1024-64-8-3584-640": 2.15524,
    "1024-8-2-4096-7168": 2.71138,
    "1024-8-2-4096-3584": 1.61933,
    "2048-64-8-3584-1280": 4.94437,
    "2048-64-8-3584-640": 3.40561,
    "2048-8-2-4096-7168": 5.69842,
    "2048-8-2-4096-3584": 2.83574,
    "4096-64-8-3584-1280": 8.91561,
    "4096-64-8-3584-640": 6.08592,
    "4096-8-2-4096-7168": 9.8279,
    "4096-8-2-4096-3584": 5.39947,
    "8192-64-8-3584-1280": 16.2569,
    "8192-64-8-3584-640": 11.5045,
    "8192-8-2-4096-7168": 18.7132,
    "8192-8-2-4096-3584": 9.72868
}
