{
    "1-64-8-3584-1280": 0.356382,
    "1-64-8-3584-640": 0.236964,
    "1-8-2-4096-7168": 0.484744,
    "1-8-2-4096-3584": 0.285896,
    "128-64-8-3584-1280": 2.37856,
    "128-64-8-3584-640": 1.30005,
    "128-8-2-4096-7168": 2.09,
    "128-8-2-4096-3584": 1.11192,
    "512-64-8-3584-1280": 2.79651,
    "512-64-8-3584-640": 1.76686,
    "512-8-2-4096-7168": 2.13717,
    "512-8-2-4096-3584": 1.224,
    "1024-64-8-3584-1280": 3.54752,
    "1024-64-8-3584-640": 2.46506,
    "1024-8-2-4096-7168": 2.81122,
    "1024-8-2-4096-3584": 1.69798,
    "2048-64-8-3584-1280": 5.53488,
    "2048-64-8-3584-640": 3.99893,
    "2048-8-2-4096-7168": 5.82501,
    "2048-8-2-4096-3584": 2.98532,
    "4096-64-8-3584-1280": 10.016,
    "4096-64-8-3584-640": 7.25088,
    "4096-8-2-4096-7168": 10.1306,
    "4096-8-2-4096-3584": 5.576,
    "8192-64-8-3584-1280": 18.4446,
    "8192-64-8-3584-640": 13.7833,
    "8192-8-2-4096-7168": 19.3488,
    "8192-8-2-4096-3584": 10.2617
}
