{
    "1-64-8-3584-1280": 0.184392,
    "1-64-8-3584-640": 0.16536,
    "1-8-2-4096-7168": 0.159224,
    "1-8-2-4096-3584": 0.161668,
    "128-64-8-3584-1280": 0.83148,
    "128-64-8-3584-640": 0.58721,
    "128-8-2-4096-7168": 0.583856,
    "128-8-2-4096-3584": 0.336596,
    "512-64-8-3584-1280": 1.17016,
    "512-64-8-3584-640": 1.81068,
    "512-8-2-4096-7168": 0.683436,
    "512-8-2-4096-3584": 1.22403,
    "1024-64-8-3584-1280": 1.57981,
    "1024-64-8-3584-640": 1.34233,
    "1024-8-2-4096-7168": 1.01608,
    "1024-8-2-4096-3584": 0.68848,
    "2048-64-8-3584-1280": 2.98202,
    "2048-64-8-3584-640": 2.53011,
    "2048-8-2-4096-7168": 1.85221,
    "2048-8-2-4096-3584": 1.25518,
    "4096-64-8-3584-1280": 5.6752,
    "4096-64-8-3584-640": 5.00633,
    "4096-8-2-4096-7168": 3.3709,
    "4096-8-2-4096-3584": 2.28816,
    "8192-64-8-3584-1280": 11.6722,
    "8192-64-8-3584-640": 10.0781,
    "8192-8-2-4096-7168": 6.37406,
    "8192-8-2-4096-3584": 4.5188
}
