{
    "1-64-8-3584-1280": 0.356382,
    "1-64-8-3584-640": 0.236964,
    "1-8-2-4096-7168": 0.485212,
    "1-8-2-4096-3584": 0.2912,
    "128-64-8-3584-1280": 2.37856,
    "128-64-8-3584-640": 1.29919,
    "128-8-2-4096-7168": 2.09,
    "128-8-2-4096-3584": 1.11064,
    "512-64-8-3584-1280": 2.79651,
    "512-64-8-3584-640": 1.78937,
    "512-8-2-4096-7168": 2.196,
    "512-8-2-4096-3584": 1.224,
    "1024-64-8-3584-1280": 3.673,
    "1024-64-8-3584-640": 2.74919,
    "1024-8-2-4096-7168": 3.04236,
    "1024-8-2-4096-3584": 1.869,
    "2048-64-8-3584-1280": 5.90057,
    "2048-64-8-3584-640": 4.573,
    "2048-8-2-4096-7168": 5.973,
    "2048-8-2-4096-3584": 3.199,
    "4096-64-8-3584-1280": 10.016,
    "4096-64-8-3584-640": 8.04617,
    "4096-8-2-4096-7168": 10.284,
    "4096-8-2-4096-3584": 5.576,
    "8192-64-8-3584-1280": 18.6474,
    "8192-64-8-3584-640": 14.7772,
    "8192-8-2-4096-7168": 20.211,
    "8192-8-2-4096-3584": 10.4043
}
