{
    "1-64-8-3584-1280": 0.354744,
    "1-64-8-3584-640": 0.233948,
    "1-8-2-4096-7168": 0.484068,
    "1-8-2-4096-3584": 0.285428,
    "128-64-8-3584-1280": 2.3251,
    "128-64-8-3584-640": 1.25133,
    "128-8-2-4096-7168": 2.06882,
    "128-8-2-4096-3584": 1.11192,
    "512-64-8-3584-1280": 2.63427,
    "512-64-8-3584-640": 1.60264,
    "512-8-2-4096-7168": 2.08658,
    "512-8-2-4096-3584": 1.224,
    "1024-64-8-3584-1280": 3.24012,
    "1024-64-8-3584-640": 2.1542,
    "1024-8-2-4096-7168": 2.71123,
    "1024-8-2-4096-3584": 1.61808,
    "2048-64-8-3584-1280": 4.94931,
    "2048-64-8-3584-640": 3.40631,
    "2048-8-2-4096-7168": 5.70003,
    "2048-8-2-4096-3584": 2.84063,
    "4096-64-8-3584-1280": 8.90492,
    "4096-64-8-3584-640": 6.08566,
    "4096-8-2-4096-7168": 9.82004,
    "4096-8-2-4096-3584": 5.40779,
    "8192-64-8-3584-1280": 16.2608,
    "8192-64-8-3584-640": 11.4939,
    "8192-8-2-4096-7168": 18.722,
    "8192-8-2-4096-3584": 9.68994
}
