{
    "1-64-8-3584-1280": 0.353704,
    "1-64-8-3584-640": 0.233844,
    "1-8-2-4096-7168": 0.483496,
    "1-8-2-4096-3584": 0.285168,
    "128-64-8-3584-1280": 2.32846,
    "128-64-8-3584-640": 1.25083,
    "128-8-2-4096-7168": 2.06937,
    "128-8-2-4096-3584": 1.11192,
    "512-64-8-3584-1280": 2.63328,
    "512-64-8-3584-640": 1.60295,
    "512-8-2-4096-7168": 2.08504,
    "512-8-2-4096-3584": 1.224,
    "1024-64-8-3584-1280": 3.24064,
    "1024-64-8-3584-640": 2.15259,
    "1024-8-2-4096-7168": 2.71229,
    "1024-8-2-4096-3584": 1.61728,
    "2048-64-8-3584-1280": 4.94213,
    "2048-64-8-3584-640": 3.40522,
    "2048-8-2-4096-7168": 5.69884,
    "2048-8-2-4096-3584": 2.83551,
    "4096-64-8-3584-1280": 8.90305,
    "4096-64-8-3584-640": 6.08049,
    "4096-8-2-4096-7168": 9.81682,
    "4096-8-2-4096-3584": 5.39921,
    "8192-64-8-3584-1280": 16.252,
    "8192-64-8-3584-640": 11.5076,
    "8192-8-2-4096-7168": 18.721,
    "8192-8-2-4096-3584": 9.68349
}
