{
    "1-64-8-3584-1280": 0.356382,
    "1-64-8-3584-640": 0.236964,
    "1-8-2-4096-7168": 0.485212,
    "1-8-2-4096-3584": 0.291278,
    "128-64-8-3584-1280": 2.37856,
    "128-64-8-3584-640": 1.30005,
    "128-8-2-4096-7168": 2.09,
    "128-8-2-4096-3584": 1.11192,
    "512-64-8-3584-1280": 2.79651,
    "512-64-8-3584-640": 1.76766,
    "512-8-2-4096-7168": 2.128,
    "512-8-2-4096-3584": 1.224,
    "1024-64-8-3584-1280": 3.54903,
    "1024-64-8-3584-640": 2.4713,
    "1024-8-2-4096-7168": 2.80784,
    "1024-8-2-4096-3584": 1.69679,
    "2048-64-8-3584-1280": 5.52144,
    "2048-64-8-3584-640": 4.00039,
    "2048-8-2-4096-7168": 5.83242,
    "2048-8-2-4096-3584": 2.98732,
    "4096-64-8-3584-1280": 10.016,
    "4096-64-8-3584-640": 7.25096,
    "4096-8-2-4096-7168": 10.1343,
    "4096-8-2-4096-3584": 5.576,
    "8192-64-8-3584-1280": 18.3994,
    "8192-64-8-3584-640": 13.7728,
    "8192-8-2-4096-7168": 19.3373,
    "8192-8-2-4096-3584": 10.2536
}
