{
    "1-64-8-3584-1280": 0.356382,
    "1-64-8-3584-640": 0.236964,
    "1-8-2-4096-7168": 0.485212,
    "1-8-2-4096-3584": 0.291278,
    "128-64-8-3584-1280": 2.37856,
    "128-64-8-3584-640": 1.30005,
    "128-8-2-4096-7168": 2.09,
    "128-8-2-4096-3584": 1.10562,
    "512-64-8-3584-1280": 2.79651,
    "512-64-8-3584-640": 1.79057,
    "512-8-2-4096-7168": 2.196,
    "512-8-2-4096-3584": 1.224,
    "1024-64-8-3584-1280": 3.673,
    "1024-64-8-3584-640": 2.75374,
    "1024-8-2-4096-7168": 3.04832,
    "1024-8-2-4096-3584": 1.869,
    "2048-64-8-3584-1280": 5.89984,
    "2048-64-8-3584-640": 4.573,
    "2048-8-2-4096-7168": 5.973,
    "2048-8-2-4096-3584": 3.199,
    "4096-64-8-3584-1280": 10.016,
    "4096-64-8-3584-640": 8.03546,
    "4096-8-2-4096-7168": 10.284,
    "4096-8-2-4096-3584": 5.576,
    "8192-64-8-3584-1280": 18.6474,
    "8192-64-8-3584-640": 14.7755,
    "8192-8-2-4096-7168": 20.211,
    "8192-8-2-4096-3584": 10.3154
}
