{
    "1-64-8-3584-1280": 0.35152,
    "1-64-8-3584-640": 0.23036,
    "1-8-2-4096-7168": 0.480792,
    "1-8-2-4096-3584": 0.282464,
    "128-64-8-3584-1280": 2.29752,
    "128-64-8-3584-640": 1.22236,
    "128-8-2-4096-7168": 2.06066,
    "128-8-2-4096-3584": 1.11192,
    "512-64-8-3584-1280": 2.56888,
    "512-64-8-3584-640": 1.53722,
    "512-8-2-4096-7168": 2.076,
    "512-8-2-4096-3584": 1.224,
    "1024-64-8-3584-1280": 3.13924,
    "1024-64-8-3584-640": 2.04922,
    "1024-8-2-4096-7168": 2.70195,
    "1024-8-2-4096-3584": 1.59234,
    "2048-64-8-3584-1280": 4.72836,
    "2048-64-8-3584-640": 3.16337,
    "2048-8-2-4096-7168": 5.62411,
    "2048-8-2-4096-3584": 2.78034,
    "4096-64-8-3584-1280": 8.42426,
    "4096-64-8-3584-640": 5.51372,
    "4096-8-2-4096-7168": 9.76456,
    "4096-8-2-4096-3584": 5.2883,
    "8192-64-8-3584-1280": 15.1513,
    "8192-64-8-3584-640": 10.3734,
    "8192-8-2-4096-7168": 18.5414,
    "8192-8-2-4096-3584": 9.43483
}
