{
    "1-64-8-3584-1280": 0.351468,
    "1-64-8-3584-640": 0.2314,
    "1-8-2-4096-7168": 0.480688,
    "1-8-2-4096-3584": 0.282308,
    "128-64-8-3584-1280": 2.2991,
    "128-64-8-3584-640": 1.22135,
    "128-8-2-4096-7168": 2.05681,
    "128-8-2-4096-3584": 1.11192,
    "512-64-8-3584-1280": 2.56906,
    "512-64-8-3584-640": 1.53769,
    "512-8-2-4096-7168": 2.07308,
    "512-8-2-4096-3584": 1.224,
    "1024-64-8-3584-1280": 3.14148,
    "1024-64-8-3584-640": 2.04971,
    "1024-8-2-4096-7168": 2.69823,
    "1024-8-2-4096-3584": 1.59302,
    "2048-64-8-3584-1280": 4.71034,
    "2048-64-8-3584-640": 3.16433,
    "2048-8-2-4096-7168": 5.61439,
    "2048-8-2-4096-3584": 2.7819,
    "4096-64-8-3584-1280": 8.41942,
    "4096-64-8-3584-640": 5.51676,
    "4096-8-2-4096-7168": 9.7461,
    "4096-8-2-4096-3584": 5.34622,
    "8192-64-8-3584-1280": 15.1442,
    "8192-64-8-3584-640": 10.3782,
    "8192-8-2-4096-7168": 18.5456,
    "8192-8-2-4096-3584": 9.43813
}
