{
    "1-64-8-3584-1280": 1.184392,
    "1-64-8-3584-640": 1.16536,
    "1-8-2-4096-7168": 1.159224,
    "1-8-2-4096-3584": 1.161668,
    "128-64-8-3584-1280": 1.83148,
    "128-64-8-3584-640": 1.58721,
    "128-8-2-4096-7168": 1.583856,
    "128-8-2-4096-3584": 1.336596,
    "512-64-8-3584-1280": 2.17016,
    "512-64-8-3584-640": 2.81068,
    "512-8-2-4096-7168": 1.683436,
    "512-8-2-4096-3584": 2.18648,
    "1024-64-8-3584-1280": 2.57981,
    "1024-64-8-3584-640": 2.34233,
    "1024-8-2-4096-7168": 2.01608,
    "1024-8-2-4096-3584": 2.68848,
    "2048-64-8-3584-1280": 3.98202,
    "2048-64-8-3584-640": 3.53011,
    "2048-8-2-4096-7168": 2.85221,
    "2048-8-2-4096-3584": 2.25518,
    "4096-64-8-3584-1280": 6.6752,
    "4096-64-8-3584-640": 6.00633,
    "4096-8-2-4096-7168": 5.3709,
    "4096-8-2-4096-3584": 3.28816,
    "8192-64-8-3584-1280": 12.6722,
    "8192-64-8-3584-640": 12.0781,
    "8192-8-2-4096-7168": 8.37406,
    "8192-8-2-4096-3584": 6.5188
}
