{
    "1-64-8-3584-1280": 0.324324,
    "1-64-8-3584-640": 0.188396,
    "1-8-2-4096-7168": 0.462384,
    "1-8-2-4096-3584": 0.25402,
    "128-64-8-3584-1280": 1.83148,
    "128-64-8-3584-640": 1.58721,
    "128-8-2-4096-7168": 1.583856,
    "128-8-2-4096-3584": 1.08425,
    "512-64-8-3584-1280": 2.17016,
    "512-64-8-3584-640": 2.21143,
    "512-8-2-4096-7168": 1.683436,
    "512-8-2-4096-3584": 1.18596,
    "1024-64-8-3584-1280": 2.57981,
    "1024-64-8-3584-640": 2.34233,
    "1024-8-2-4096-7168": 2.01608,
    "1024-8-2-4096-3584": 1.83981,
    "2048-64-8-3584-1280": 3.98202,
    "2048-64-8-3584-640": 3.53011,
    "2048-8-2-4096-7168": 2.85221,
    "2048-8-2-4096-3584": 2.25518,
    "4096-64-8-3584-1280": 6.6752,
    "4096-64-8-3584-640": 6.00633,
    "4096-8-2-4096-7168": 5.3709,
    "4096-8-2-4096-3584": 3.28816,
    "8192-64-8-3584-1280": 12.6722,
    "8192-64-8-3584-640": 12.0781,
    "8192-8-2-4096-7168": 8.37406,
    "8192-8-2-4096-3584": 6.5188
}
